{"id":"cfa36fbe96660a13257aec266119261b","categories":{"marketing":"Marketing"},"subcategories":{"signup-forms":{"name":"Signup","parent":"marketing"}},"license":["basic","elite","plus","pro","ultimate","agency"],"slug":"silverstripe-custom-form-template","name":"Silverstripe Custom Form","description":"A powerful tool designed to streamline communication with your audience. ","url":"https:\/\/wpforms.com\/templates\/silverstripe-custom-form-template\/","addons":[],"created_at":"2024-03-21","thumbnail":"https:\/\/wpforms.com\/templates\/wp-content\/uploads\/templates\/thumb\/cfa36fbe96660a13257aec266119261b.jpg","fields":["internal-information","name","email","text","address","text","textarea","radio"],"data":{"fields":{"7":{"id":"7","type":"internal-information","label":"This form template uses the User Registration addon.","description":"The WPForms User Registration addon lets you build a custom registration form for your website. With it, you can collect all the account information you want, even custom user meta.\r\n\r\nYou'll need to install and activate the User Registration addon to use this template as it's intended. Before you publish your form, make sure to go to the Settings tab on the left side of the screen and:\r\n[] Map your form's fields to your WordPress user accounts.\r\n[] Select the default user role you want to apply to all new user accounts.\r\n[] Configure your user activation and login options.\r\n[] Set up registration email notifications.\r\n[] Map additional form fields to custom user meta fields associated with each user's account.\r\nIf you're new to this addon, be sure to check out our <a href=\"https:\/\/wpforms.com\/docs\/how-to-install-and-use-user-registration-addon-with-wpforms\" target=\"_blank\" rel=\"noopener\">User Registration addon documentation<\/a>. For additional help setting up your custom user registration form, reach out to <a href=\"https:\/\/wpforms.com\/account\/support\" target=\"_blank\" rel=\"noopener\">our support team<\/a>.\r\n","expanded-description":"The User Registration addon is perfect for creating a custom user sign up form for you site. You can include your own branding on a custom registration page and include the account details your users need.\r\n\r\nIn addition to user registration forms, the User Registration addon also enables you to build your own password reset and login forms. This gives you more control over the password reset process and lets you make a custom login page that fits seamlessly with the rest of your site.\r\n","cta-label":"Learn More","cta-link":""},"0":{"id":"0","type":"name","label":"User's Name","format":"first-last","description":"","required":"1","size":"medium","simple_placeholder":"","simple_default":"","first_placeholder":"","first_default":"","middle_placeholder":"","middle_default":"","last_placeholder":"","last_default":"","css":""},"1":{"id":"1","type":"email","label":"User's Email","description":"","required":"1","size":"medium","placeholder":"","confirmation_placeholder":"","default_value":false,"filter_type":"","allowlist":"","denylist":"","css":""},"4":{"id":"4","type":"text","label":"Company Name (if applicable)","description":"","required":"1","size":"medium","placeholder":"","limit_count":"1","limit_mode":"characters","default_value":"","input_mask":"","css":"","map_position":"above","calculation_code":""},"5":{"id":"5","type":"address","label":"Address","scheme":"international","description":"","required":"1","size":"medium","address1_placeholder":"","address1_default":"","address2_placeholder":"","address2_default":"","city_placeholder":"","city_default":"","state_placeholder":"","state_default":"","postal_placeholder":"","postal_default":"","country_placeholder":"","country_default":"","css":"","map_position":"above"},"3":{"id":"3","type":"text","label":"Subject","description":"","required":"1","size":"medium","placeholder":"","limit_count":"1","limit_mode":"characters","default_value":"","input_mask":"","css":"","map_position":"above","calculation_code":""},"2":{"id":"2","type":"textarea","label":"Message or Inquiry","description":"","required":"1","size":"medium","placeholder":"","limit_count":"1","limit_mode":"characters","default_value":"","css":"","calculation_code":""},"6":{"id":"6","type":"radio","label":"I would like to receive the newsletter and other updates","choices":{"1":{"label":"Yes","value":"","image":"","icon":"face-smile","icon_style":"regular"},"2":{"label":"No","value":"","image":"","icon":"face-smile","icon_style":"regular"}},"choices_images_style":"modern","choices_icons_color":"#066aab","choices_icons_size":"large","choices_icons_style":"default","description":"","required":"1","input_columns":"inline","dynamic_choices":"","css":""}},"field_id":8,"settings":{"form_title":"Silverstripe Custom Form","form_desc":"","submit_text":"Submit","submit_text_processing":"Sending...","form_class":"","submit_class":"","ajax_submit":"1","notification_enable":"1","notifications":{"1":{"notification_name":"Default Notification","email":"{admin_email}","subject":"New Entry: Silverstripe Custom Form Template","sender_address":"support@wpforms.com","replyto":"{field_id=\"1\"}","message":"{all_fields}","template":"","file_upload_attachment_fields":[],"entry_csv_attachment_entry_information":[],"entry_csv_attachment_file_name":"entry-details"}},"confirmations":{"1":{"name":"Default Confirmation","type":"message","message":"<p>Thanks for contacting us! We will be in touch with you shortly.<\/p>","message_scroll":"1","redirect":"","message_entry_preview_style":"basic"}},"lead_forms":{"title":"","accent_color":"#0299ed","field_borders":"#cccccc","primary_text":"#444444","secondary_text":"#777777","import":""},"antispam":"1","store_spam_entries":"1","anti_spam":{"time_limit":{"duration":"3"},"country_filter":{"action":"allow","country_codes":[],"message":"Sorry, this form does not accept submissions from your country."},"keyword_filter":{"message":"Sorry, your message can't be submitted because it contains prohibited words."}},"form_abandonment_fields":"","post_submissions_title":"","post_submissions_content":"","post_submissions_excerpt":"","post_submissions_featured":"","post_submissions_type":"post","post_submissions_status":"pending","post_submissions_author":"","registration_enable":"1","registration_username":"","registration_email":"1","registration_name":"","registration_password":"","registration_website":"","registration_bio":"","registration_activation_method":"user","registration_email_user_activation_subject":"{site_name} Activation Required","registration_email_user_activation_message":"IMPORTANT: You must activate your account before you can log in.\r\nPlease visit the link below.\r\n\r\n{url_user_activation}","registration_activation_confirmation":"","registration_hide_message":"Hi {user_first_name}, you\u2019re already logged in. <a href=\"{url_logout}\">Log out<\/a>.","registration_email_admin_subject":"{site_name} New User Registration","registration_email_admin_message":"New user registration on your site {site_name}:\r\n\r\nUsername: {user_registration_login}\r\nEmail: {user_registration_email}","registration_email_user_subject":"{site_name} Your username and password info","registration_email_user_message":"Username: {user_registration_login}\r\nPassword: {user_registration_password}\r\n{url_login}\r\n\r\n","registration_email_user_after_activation_subject":"{site_name} Your account was successfully activated","registration_email_user_after_activation_message":"You can log in with your credentials now.\r\n\r\n{url_login}","form_pages_title":"Silverstripe Custom Form Template","form_pages_description":"","form_pages_page_slug":"","form_pages_custom_logo":"","form_pages_footer":"This content is neither created nor endorsed by WPForms.","form_pages_color_scheme":"#448ccb","form_pages_style":"modern","conversational_forms_title":"Silverstripe Custom Form Template","conversational_forms_description":"","conversational_forms_page_slug":"","conversational_forms_custom_logo":"","conversational_forms_color_scheme":"#448ccb","conversational_forms_progress_bar":"percentage","form_locker_verification_type":"password","form_locker_password":"","form_locker_age":"18","form_locker_age_criteria":">=","form_locker_password_message":"","form_locker_age_message":"","form_locker_email_message":"","form_locker_schedule_start_date":"","form_locker_schedule_start_time":"","form_locker_schedule_end_date":"","form_locker_schedule_end_time":"","form_locker_schedule_message":"","form_locker_user_message":"","form_locker_entry_limit":"","form_locker_entry_limit_message":"","form_locker_user_entry_email_field":"","form_locker_user_entry_limit":"","form_locker_user_entry_email_duration":"day_start","form_locker_user_entry_message_limited":"","save_resume_link_text":"Save and Resume Later","save_resume_disclaimer_message":"Heads up! Saving your progress now will store a copy of your entry on this server and the site owner may have access to it. For security reasons, sensitive information such as credit cards and mailing addresses, along with file uploads will have to be re-entered when you resume.","save_resume_confirmation_message":"Your form entry has been saved and a unique link has been created which you can access to resume this form.\r\n\r\nEnter your email address to receive the link via email. Alternatively, you can copy and save the link below.\r\n\r\nPlease note, this link should not be shared and will expire in 30 days, afterwards your form entry will be deleted.","save_resume_enable_resume_link":"1","save_resume_enable_email_notification":"1","save_resume_email_notification_message":"Thank you for saving {form_name}. Click the link below to resume the form from any device.\r\n\r\n{resume_link}\r\n\r\nRemember, the link should not be shared and will expire in 30 days.","save_resume_email_settings_message":"A link to resume this form has been sent to the email address provided.\r\n\r\nPlease remember, the link should not be shared and will expire in 30 days.","form_tags":[],"registration_role":"subscriber"},"lead_forms":{"iif_id_ref":""},"payments":{"stripe":{"payment_description":"","receipt_email":"","customer_email":"","customer_name":"","recurring":[{"name":"Plan Name #1","period":"yearly","email":"","customer_name":""}]},"paypal_commerce":{"name":"","billing_email":"","billing_address":"","shipping_address":"","payment_description":"","recurring":[{"pp_product_id":"","pp_plan_id":"","name":"Plan Name #1","product_type":"digital","recurring_times":"yearly","total_cycles":"0","shipping_address":""}]},"paypal_standard":{"production_email":"","sandbox_email":"","mode":"production","transaction":"product","cancel_url":"","shipping":"0"},"square":{"payment_description":"","buyer_email":"","billing_name":"","billing_address":""},"authorize_net":{"payment_description":"","receipt_email":"","customer_name":"","customer_billing_address":"","recurring":{"name":"","period":"yearly","email":"","customer_name":"","customer_billing_address":""}}}}}